date,symbol,direction,signal_time,entry_time,strategy_entry,entry_price,quantity,position_rs,stop_loss,target,rr,strategies_fired,agreeing_count,composite_score,driver_strategy,reason,exit_time,exit_price,exit_reason,result,pnl_rs,pnl_pct,predicted_win_pct,conviction_tier,entry_drift_pct,signal_age_min,overlap_ratio,overlap_tier,profit_locked,exit_fill_status,atr_pct,size_cap_reason,news_signal,news_score,news_conf,news_headline,news_count,news_source,locked,reached_1pct,mfe_src,mfe_bar_pct,pnl_cap,delta,era,pnl_now_2L,pnl_cap_2L,qty_2L
2026-06-15,GROWW,LONG,09:15,,,200.0969387755102,2498,499842.15,199.46479591836737,205.33469387755105,8.29,"ADX-FILTER,DAILY-BIAS,DBL-BTM,FIRST-CANDLE,GAP-CONT,MACD,ORB-15,PDH-PDL,REL-STR,STOCHASTIC,VOL-SPIKE,VPOC",5,6.709,VPOC,VPOC: breakout above VAH=200.10,13:10,205.33,TARGET_HIT,EXACT_WIN,12333.14,2.47,58.2,STANDARD,0.0,0.0,,,False,,,,,,,,,,False,True,bars,3.9246283689028187,4265.769441975518,-8067.370558024481,A <07-15 no lock,4903.945887333133,1677.6424629838043,999
2026-06-15,STARHEALTH,LONG,09:15,,,524.395,953,499748.43,521.6725,535.2849999999999,4.0,"ADX-FILTER,CAMARILLA,FIRST-CANDLE,GAP-CONT,ORB-15,ORB-30,PDH-PDL,SR-BREAK,STOCHASTIC,VPOC",4,3.047,CAMARILLA,CAMARILLA: breakout above H4=524.39,15:15,528.15,TIME_EXIT,WIN,2847.11,0.57,49.6,STANDARD,0.0,0.0,,,False,,,,,,,,,,False,True,bars,1.1737335405562548,4264.9607804176,1417.8507804176002,A <07-15 no lock,1109.9185257570484,1676.759346630751,381
2026-06-16,DIXON,LONG,09:10,09:35,11933.0,12206.0,26,317356.0,11445.15,13777.0,2.06,"ADX-FILTER,ASC-TRI,DAILY-BIAS,DBL-BTM,EMA-CROSS,FIRST-CANDLE,MACD,ORB-15,PDH-PDL,SR-BREAK,STOCHASTIC,SUPERTREND,VPOC",4,3.481,ASC-TRI,Ascending Triangle: breakout above resistance 11802.00,15:15,12206.0,TIME_EXIT,LOSS,-479.89,-0.15,48.5,STANDARD,0.0,0.0,,,False,,,,,,,,,,False,False,bars,0.6881861379649353,-479.89,0.0,A <07-15 no lock,-313.47047232,-313.47047232,16
2026-06-17,CARTRADE,LONG,09:15,09:55,2387.75,2606.0,191,497746.0,2577.12,2721.5,4.0,"ADX-FILTER,CAMARILLA,DAILY-BIAS,FIRST-CANDLE,GAP-CONT,ORB-15,ORB-30,PDH-PDL,REL-STR,SR-BREAK,VPOC",4,4.109,CAMARILLA,CAMARILLA: breakout above H4=2387.75,13:18,2721.5,TARGET_HIT,EXACT_WIN,21317.2,4.28,49.8,STANDARD,0.0,0.0,,,False,,,,,,,,,,False,True,bars,4.5663852647736,4247.68244382339,-17069.517556176612,A <07-15 no lock,8453.816858099999,1661.758459322396,76
2026-06-18,MFSL,LONG,09:25,09:55,1636.234693877551,1657.0,301,498757.0,1655.87,1675.83,16.66,"ADX-FILTER,CAMARILLA,DAILY-BIAS,DBL-BTM,FIRST-CANDLE,ORB-15,ORB-30,PDH-PDL,REL-STR,SR-BREAK,VPOC",4,3.506,VPOC,VPOC: breakout above VAH=1636.23,12:06,1675.83,TARGET_HIT,EXACT_WIN,4936.13,0.99,49.5,STANDARD,0.0,0.0,,,False,,,,,,,,,,False,True,bars,1.327700663850332,4256.4060220152805,-679.7239779847196,A <07-15 no lock,1939.5086192839913,1668.5233310359922,120
2026-06-19,CRAFTSMAN,LONG,09:15,09:55,9546.25,9790.0,51,499290.0,9786.5,9797.0,2.0,"ADX-FILTER,CAMARILLA,CPR,DAILY-BIAS,DBL-BTM,FIRST-CANDLE,ORB-15,ORB-30,PDH-PDL,REL-STR,SR-BREAK,SUPERTREND,VPOC",4,4.006,CPR,"CPR: narrow CPR, breakout above TC=9546.25",09:55,9797.0,TARGET_HIT,LOSS,-371.22,-0.07,48.9,STANDARD,0.0,0.0,,,False,,,,,,,,,,False,False,bars,0.08171603677221655,-371.22,0.0,A <07-15 no lock,-174.2684754,-174.2684754,20
2026-06-23,KIRLOSENG,LONG,09:15,09:50,2494.1900000000005,2557.6,195,498732.0,2505.4,2766.38,4.0,"ADX-FILTER,CAMARILLA,DAILY-BIAS,FIRST-CANDLE,GAP-CONT,PDH-PDL,REL-STR,VOL-SPIKE,VPOC,VWAP-REV",4,11.169,CAMARILLA,CAMARILLA: breakout above H4=2494.19,11:46,2505.4,STOP_HIT,LOSS,-10898.12,-2.19,56.5,STANDARD,0.0,0.0,,,False,,,,,,,,,,False,True,bars,1.7672818267125536,4256.190305442804,15154.310305442805,A <07-15 no lock,-4387.568946939986,1674.1561221771217,78
2026-06-29,CIPLA,LONG,09:15,09:21,1448.55,1455.3,343,499167.9,1450.62,1474.0,4.0,"ADX-FILTER,CAMARILLA,DAILY-BIAS,DBL-BTM",4,12.0,CAMARILLA,CAMARILLA: breakout above H4=1448.55,09:23,1450.62,STOP_HIT,LOSS,-2331.74,-0.47,49.8,STANDARD,0.0,0.0,,,False,,,,,,,,,,False,False,empty_window,,-2331.74,0.0,A <07-15 no lock,-959.6857494784088,-959.6857494784088,137
2026-06-29,AEGISLOG,LONG,09:35,10:01,1132.6571428571428,1169.4,427,499333.8,1160.46,1225.0,6.22,"ADX-FILTER,BOLLINGER,BULL-FLAG,CAMARILLA,CPR,DAILY-BIAS,MACD,PDH-PDL,STOCHASTIC,SUPERTREND,VPOC",10,30.164,VPOC,VPOC: breakout above VAH=1132.66,15:15,1169.55,TIME_EXIT,LOSS,-664.0,-0.13,47.3,STANDARD,0.0,0.0,,,False,,,,,,,,,,False,True,bars,1.5007696254489442,4261.383034776003,4925.383034776003,A <07-15 no lock,-294.2098598695233,1678.2512855894531,171
2026-06-30,KIMS,LONG,09:15,09:20,816.5425,823.8,606,499222.8,817.93,847.29,4.0,"ADX-FILTER,ASC-TRI,CAMARILLA,CPR,DAILY-BIAS",5,15.0,CAMARILLA,CAMARILLA: breakout above H4=816.54,14:47,817.93,STOP_HIT,LOSS,-4282.25,-0.86,49.0,STANDARD,0.0,0.0,,,False,,,,,,,,,,False,True,bars,1.317067249332365,4260.425253194154,8542.675253194153,A <07-15 no lock,-1738.426210108601,1673.0067842788537,242
2026-07-01,BIOCON,LONG,09:15,09:20,423.095,424.85,1176,499623.6,422.13,435.74,4.0,"ADX-FILTER,CAMARILLA,CPR,DAILY-BIAS,DBL-BTM",5,15.0,CAMARILLA,CAMARILLA: breakout above H4=423.09,09:23,422.13,STOP_HIT,LOSS,-3924.58,-0.79,48.9,STANDARD,0.0,0.0,,,False,,,,,,,,,,False,False,bars,0.2118394727550847,-3924.58,0.0,A <07-15 no lock,-1596.8349018260128,-1596.8349018260128,470
2026-07-02,INDIGO,LONG,09:15,09:21,5427.325,5441.5,91,495176.5,5419.09,5531.15,4.0,"ADX-FILTER,CAMARILLA,CPR,DAILY-BIAS",4,12.0,CAMARILLA,CAMARILLA: breakout above H4=5427.32,10:02,5419.09,STOP_HIT,LOSS,-2760.03,-0.56,49.2,STANDARD,0.0,0.0,,,False,,,,,,,,,,False,False,bars,0.40430028484792796,-2760.03,0.0,A <07-15 no lock,-1120.4070775203948,-1120.4070775203948,36
2026-07-03,MRF,LONG,09:15,09:20,133388.5,134230.0,3,402690.0,133550.75,136947.0,4.0,"ADX-FILTER,ASC-TRI,CAMARILLA,DAILY-BIAS,DBL-BTM",5,15.0,CAMARILLA,CAMARILLA: breakout above H4=133388.50,15:15,134020.0,TIME_EXIT,LOSS,-1225.74,-0.3,49.1,STANDARD,0.0,0.0,,,False,,,,,,,,,,False,True,bars,1.68367727035685,3427.476263200965,4653.216263200965,A <07-15 no lock,-440.04560749999996,1111.0254210669884,1
2026-07-06,GODREJPROP,LONG,09:15,09:20,2005.6,2007.1,249,499767.9,1998.3,2042.3,4.0,"BULL-FLAG,CAMARILLA,CPR,DAILY-BIAS",4,12.0,CAMARILLA,CAMARILLA: breakout above H4=2005.60,09:52,2042.3,TARGET_HIT,EXACT_WIN,8029.27,1.61,49.2,STANDARD,0.0,0.0,,,False,,,,,,,,,,False,True,bars,2.1324298739474954,4265.128737340889,-3764.141262659112,A <07-15 no lock,3163.9255410740047,1667.3403413524013,99
2026-07-07,ALKEM,LONG,09:15,09:22,5652.725,5725.5,87,498118.5,5698.14,5834.95,4.0,"ADX-FILTER,CAMARILLA,CPR,DAILY-BIAS,DBL-BTM",5,15.0,CAMARILLA,CAMARILLA: breakout above H4=5652.73,09:28,5698.14,STOP_HIT,LOSS,-3104.78,-0.62,48.9,STANDARD,0.0,0.0,,,False,,,,,,,,,,False,False,bars,-0.21832154396995898,-3104.78,0.0,A <07-15 no lock,-1242.1164008295889,-1242.1164008295889,34
2026-07-08,CARTRADE,LONG,09:15,09:23,2815.32,2865.7,174,498631.8,2843.04,2956.34,4.0,"ADX-FILTER,CAMARILLA,CPR,DAILY-BIAS",4,12.0,CAMARILLA,CAMARILLA: breakout above H4=2815.32,09:49,2843.04,STOP_HIT,LOSS,-4666.76,-0.94,49.2,STANDARD,0.0,0.0,,,False,,,,,,,,,,False,False,bars,0.7013993090693501,-4666.76,0.0,A <07-15 no lock,-1879.09566563259,-1879.09566563259,69
2026-07-09,LENSKART,LONG,09:15,09:23,545.2275,545.75,916,499907.0,541.89,561.2,4.0,"ADX-FILTER,CAMARILLA,CPR,DAILY-BIAS,DBL-BTM",5,15.0,CAMARILLA,CAMARILLA: breakout above H4=545.23,10:05,561.2,TARGET_HIT,EXACT_WIN,13412.21,2.68,48.9,STANDARD,0.0,0.0,,,False,,,,,,,,,,False,True,bars,3.0508474576271145,4266.3289843502835,-9145.881015649717,A <07-15 no lock,5330.687471273017,1676.3279566290435,366
2026-07-10,WELSPUNLIV,LONG,09:20,09:28,167.69,168.26,2971,499900.46,166.92,170.94,2.0,"ADX-FILTER,CPR,DAILY-BIAS,FIRST-CANDLE,MACD,SUPERTREND",6,15.633,FIRST-CANDLE,FIRST-CANDLE: break above first candle high=167.69,11:12,166.92,STOP_HIT,LOSS,-4706.76,-0.94,47.9,STANDARD,0.0,0.0,,,False,,,,,,,,,,False,False,bars,0.4397955544989951,-4706.76,0.0,A <07-15 no lock,-1910.3976114664042,-1910.3976114664042,1188
2026-07-13,APOLLOHOSP,LONG,09:15,09:22,8911.875,8869.0,56,496664.0,8838.06,8992.75,4.0,"ADX-FILTER,CAMARILLA,CPR,DAILY-BIAS",4,12.0,CAMARILLA,CAMARILLA: breakout above H4=8911.88,09:24,8838.06,STOP_HIT,LOSS,-2455.63,-0.49,49.2,STANDARD,0.0,0.0,,,False,,,,,,,,,,False,False,empty_window,,-2455.63,0.0,A <07-15 no lock,-993.3688823972111,-993.3688823972111,22
2026-07-14,LICI,LONG,09:15,09:23,439.50250000000005,441.6,1132,499891.2,440.25,444.29,1.99,"CAMARILLA,CPR,DAILY-BIAS,DBL-BTM",4,12.0,CAMARILLA,"CAMARILLA: reversal at L3=439.50, target H3=442.20",09:39,440.25,STOP_HIT,LOSS,-2255.75,-0.45,49.1,STANDARD,0.0,0.0,,,False,,,,,,,,,,False,False,bars,0.26041666666666147,-2255.75,0.0,A <07-15 no lock,-929.0598935020103,-929.0598935020103,452
2026-07-15,MRPL,LONG,09:20,09:27,159.0,159.1844635466412,3141,499890.15,160.34,161.51999999999998,1.68,"ADX-FILTER,DAILY-BIAS,DBL-BTM,FIRST-CANDLE",4,12.0,FIRST-CANDLE,FIRST-CANDLE: break above first candle high=159.00,09:42,160.34,PROFIT_LOCK_STOP,WIN,2897.76,0.58,49.4,STANDARD,0.094,7.9,,,True,,,,,,,,,,True,True,flag,,4267.117644139326,1369.357644139326,"B 07-15..07-28 lock, no ride",1130.4084208145043,1677.977638025786,1256
2026-07-16,PREMIERENE,LONG,09:15,09:22,1102.295,1104.0,452,499008.0,1095.9975000000002,1127.485,2.93,"ADX-FILTER,CAMARILLA,DAILY-BIAS,DBL-BTM",4,12.0,CAMARILLA,CAMARILLA: breakout above H4=1102.30,13:50,1096.0,STOP_HIT,LOSS,-4340.69,-0.87,49.3,STANDARD,0.155,8.0,,,False,,,,,,,,,,False,False,flag,,-4340.69,0.0,"B 07-15..07-28 lock, no ride",-1766.497642,-1766.497642,181
2026-07-17,ICICIBANK,LONG,09:15,09:23,1427.57,1428.0,350,499800.0,1435.98,1446.7099999999998,3.59,"ADX-FILTER,ASC-TRI,CAMARILLA,CPR,DAILY-BIAS",5,15.0,CAMARILLA,CAMARILLA: breakout above H4=1427.57,13:33,1435.98,PROFIT_LOCK_STOP,WIN,2062.15,0.41,49.0,STANDARD,0.03,8.1,,,True,EXIT_CONFIRMED,,,,,,,,,True,True,flag,,4265.405717419991,2203.2557174199906,"B 07-15..07-28 lock, no ride",796.5405751880025,1677.8422869679962,140
2026-07-20,ARE&M,LONG,09:20,09:27,911.55,911.35,467,425600.45,917.24,925.7499999999998,2.09,"ADX-FILTER,CPR,DAILY-BIAS,DBL-BTM,FIRST-CANDLE,MACD",6,18.0,FIRST-CANDLE,FIRST-CANDLE: break above first candle high=911.55,09:46,917.24,PROFIT_LOCK_STOP,WIN,2120.98,0.5,48.0,STANDARD,-0.022,7.8,,,True,EXIT_NOT_FILLED,2.82,ATR_VOL,,,,,,,True,True,flag,,3625.162813138326,1504.1828131383259,"B 07-15..07-28 lock, no ride",969.5696984308971,1674.957293527395,219
2026-07-21,INDUSINDBK,LONG,09:15,09:22,1043.5975,1044.006263269639,471,491582.7,1050.87,1062.7924999999996,3.9,"ADX-FILTER,BULL-FLAG,CAMARILLA,DAILY-BIAS",4,12.0,CAMARILLA,"CAMARILLA: breakout above H4=1043.60 [CORRECTED 2026-07-21 review: exit-corroboration bug - booked PROFIT_LOCK_STOP @ 1050.87 (Rs 2,512.63) on a stale/unconfirmed LTP tick the live order book disagreed with at that instant (book best bid 1051.60 > stop 1050.87); subsequent bars 09:40-10:35 show price continuing to new highs above the original target (up to 1068.75) - modeled as reaching TARGET_HIT instead. This is a reasoned reconstruction from real subsequent price action, not a certain fact.]",09:36,1062.7924999999996,TARGET_HIT,EXACT_WIN,8123.68,1.65,49.4,STANDARD,0.01,7.7,,,True,EXIT_NOT_FILLED,2.44,ATR_VOL,,,,,,,True,True,flag,,4195.746090395197,-3927.9339096048034,"B 07-15..07-28 lock, no ride",3266.2573917476266,1673.4002192473095,191
2026-07-22,FEDERALBNK,LONG,09:15,09:22,355.11,355.25,1407,499836.75,353.57,358.18999999999994,1.75,"ADX-FILTER,CAMARILLA,DAILY-BIAS,DBL-BTM",4,12.0,CAMARILLA,"CAMARILLA: reversal at L3=355.11, target H3=358.19",09:55,353.57,STOP_HIT,LOSS,-3090.58,-0.62,49.3,STANDARD,0.039,7.6,,,False,EXIT_CONFIRMED,2.26,NOTIONAL_CAP,,,,,,,False,False,flag,,-3090.58,0.0,"B 07-15..07-28 lock, no ride",-1262.819983796404,-1262.819983796404,562
2026-07-23,OIL,LONG,09:20,09:28,454.3675,454.45,1100,499895.0,457.85,461.9025,3.79,"ADX-FILTER,CAMARILLA,CPR,DAILY-BIAS,DBL-BTM,FIRST-CANDLE",6,18.0,CAMARILLA,CAMARILLA: breakout above H4=454.37,10:42,457.85,PROFIT_LOCK_STOP,WIN,3008.27,0.6,49.6,STANDARD,0.018,8.4,,,True,EXIT_CONFIRMED,2.19,NOTIONAL_CAP,SUPPORTS,0.6,0.8,Indian shares likely to fall as oil surge dents sentiment - Reuters,8.0,gemini,True,True,flag,,4266.22544039553,1257.9554403955303,"B 07-15..07-28 lock, no ride",1174.988865480015,1678.1701761582121,440
2026-07-24,TCS,LONG,09:20,09:33,2254.1,2251.2,206,463747.2,2233.1,2296.1,2.48,"ADX-FILTER,DAILY-BIAS,FIRST-CANDLE,MACD",4,12.0,FIRST-CANDLE,FIRST-CANDLE: break above first candle high=2254.10,10:23,2233.1,STOP_HIT,LOSS,-4405.13,-0.95,48.3,STANDARD,-0.129,13.3,0.0,LOOSE,False,EXIT_CONFIRMED,2.58,ATR_VOL,NO_NEWS,0.0,0.0,,0.0,none,False,False,flag,,-4405.13,0.0,"B 07-15..07-28 lock, no ride",-1908.840101463992,-1908.840101463992,88
2026-07-27,APLAPOLLO,LONG,09:20,09:38,1835.9,1836.4,272,499500.8,1846.22,1855.3,1.85,"ADX-FILTER,CPR,DAILY-BIAS,FIRST-CANDLE",4,12.0,FIRST-CANDLE,FIRST-CANDLE: break above first candle high=1835.90,10:06,1855.3,TARGET_HIT,EXACT_WIN,4408.5,0.88,49.4,STANDARD,0.027,18.5,0.157,LOOSE,True,EXIT_CONFIRMED,1.69,NOTIONAL_CAP,NO_NEWS,0.0,0.0,,0.0,none,True,True,flag,,4262.824021480329,-145.67597851967093,"B 07-15..07-28 lock, no ride",1721.9752368439854,1664.1330673524835,108
2026-07-28,ITC,LONG,09:25,09:33,287.05,287.5,1739,499962.5,284.55,292.05,1.54,"CAMARILLA,DBL-BTM,FIRST-CANDLE,MACD,SUPERTREND",5,12.633,FIRST-CANDLE,FIRST-CANDLE: break above first candle high=287.05,11:25,284.55,STOP_HIT,LOSS,-5854.85,-1.17,48.9,STANDARD,0.157,8.1,0.155,LOOSE,False,EXIT_CONFIRMED,1.47,NOTIONAL_CAP,NEUTRAL,0.0,0.0,"Trade Spotlight: How should you trade United Breweries, Max Healthcare, ITC, Pidilite Industries, TCS, Colgate Palmoliv…",2.0,gemini,False,False,flag,,-5854.85,0.0,"B 07-15..07-28 lock, no ride",-2368.255155322492,-2368.255155322492,695
2026-07-29,DIVISLAB,LONG,09:15,09:22,7495.85,7510.5,66,495693.0,7599.31,7635.550000000001,2.52,"ADX-FILTER,CAMARILLA,CPR,DAILY-BIAS,DBL-BTM",5,15.0,CAMARILLA,CAMARILLA: breakout above H4=7495.85,11:08,7635.55,TARGET_HIT,EXACT_WIN,7523.73,1.52,48.9,STANDARD,0.195,7.9,,,True,EXIT_NOT_FILLED,2.08,NOTIONAL_CAP,NO_NEWS,0.0,0.0,,0.0,none,True,True,flag,,4229.967798889731,-3293.7622011102685,C >=07-29 today's policy,2935.286799617005,1637.7448904717123,26
2026-07-30,NESTLEIND,LONG,09:15,09:28,1517.765,1521.1,328,498920.8,1510.5325,1546.6949999999997,2.42,"ADX-FILTER,CAMARILLA,CPR,DAILY-BIAS,DBL-BTM,FIRST-CANDLE",6,18.0,CAMARILLA,CAMARILLA: breakout above H4=1517.76,15:15,1521.6,TIME_EXIT,LOSS,-563.57,-0.11,49.6,STANDARD,0.22,13.1,,,False,EXIT_CONFIRMED,2.16,NOTIONAL_CAP,NEUTRAL,0.2,0.4,"Nestle India Ltd soars 1.19%, up for third straight session - business-standard.com",5.0,gemini,False,False,flag,,-563.57,0.0,C >=07-29 today's policy,-253.43251622699995,-253.43251622699995,131
2026-07-31,HINDALCO,LONG,09:15,09:23,976.0725,979.0,510,499290.0,972.78625,989.2175,1.64,"ADX-FILTER,CAMARILLA,CPR,DAILY-BIAS,DBL-BTM",5,15.0,CAMARILLA,CAMARILLA: breakout above H4=976.07,15:14,972.75,STOP_HIT,LOSS,-3912.92,-0.78,48.9,STANDARD,0.3,8.3,,,False,EXIT_CONFIRMED,1.8,NOTIONAL_CAP,NEUTRAL,-0.2,0.6,"Hindustan Zinc, Nalco, Vedanta, SAIL, Hindustan Copper, To Hindalco: Why Are Metal Stocks Falling Today? - Goodreturns",3.0,gemini,False,False,flag,,-3912.92,0.0,C >=07-29 today's policy,-1593.48735847,-1593.48735847,204
2026-08-03,JSWSTEEL,LONG,09:15,09:23,1281.575,1285.65,389,499981.7,1276.4875000000002,1301.925,1.78,"ASC-TRI,CAMARILLA,CPR,DAILY-BIAS,DBL-BTM,GAP-CONT,PDH-PDL,VPOC",8,24.0,CAMARILLA,CAMARILLA: breakout above H4=1281.58,09:55,1274.3,STOP_HIT,LOSS,-5140.73,-1.03,49.3,STANDARD,0.291,8.2,,,False,EXIT_NOT_FILLED,1.84,NOTIONAL_CAP,NO_NEWS,0.0,0.0,,0.0,none,False,False,flag,,-5140.73,0.0,C >=07-29 today's policy,-2076.753727247521,-2076.753727247521,155
2026-08-04,FEDERALBNK,LONG,09:15,09:22,360.25,360.3073487031701,1388,499818.8,354.6,371.7,2.17,"ADX-FILTER,DAILY-BIAS,GAP-FADE,VPOC",4,10.0,GAP-FADE,"GAP-FADE: gap-down -3.1%, fading back to 371.70",14:50,358.05,TIME_EXIT,LOSS,-3859.77,-0.77,49.1,STANDARD,-0.042,7.9,,,False,EXIT_CONFIRMED,2.02,NOTIONAL_CAP,SUPPORTS,0.4,0.8,Federal Bank (NSEI:FEDERALBNK) Stock Gets Fair Value Boost Before Board Results Review - Yahoo Finance,2.0,gemini,False,False,flag,,-3859.77,0.0,C >=07-29 today's policy,-1571.6805395634215,-1571.6805395634215,555
2026-08-05,SBIN,LONG,09:40,09:53,1045.2,1046.0,478,499988.0,1040.9,1053.8,1.53,"ADX-FILTER,CPR,DAILY-BIAS,FIRST-CANDLE,SR-BREAK,VPOC",6,18.0,FIRST-CANDLE,FIRST-CANDLE: break above first candle high=1045.20,14:50,1051.9,TIME_EXIT,WIN,2089.07,0.42,49.5,STANDARD,0.077,13.6,0.0,LOOSE,False,EXIT_CONFIRMED,1.64,NOTIONAL_CAP,CONTRADICTS,-0.3,0.8,"SBI, HDFC Bank, to ICICI Bank, Axis Bank: Bank stocks fall ahead of RBI monetary policy decision tomorrow - livemint.com",3.0,gemini,False,False,flag,,2089.07,0.0,C >=07-29 today's policy,806.4155938810173,806.4155938810173,191
2026-08-06,HINDALCO,LONG,09:20,09:27,1032.12125,1033.6,483,499228.8,1024.2425,1047.87875,1.53,"ADX-FILTER,CAMARILLA,DAILY-BIAS,VPOC",4,12.0,CAMARILLA,"CAMARILLA: reversal at L3=1032.12, target H3=1047.88",09:34,1023.7,STOP_HIT,LOSS,-5505.77,-1.1,50.0,STANDARD,0.143,7.7,,,False,EXIT_CONFIRMED,1.71,NOTIONAL_CAP,SUPPORTS,0.6,0.85,Novelis Q1 Results: Hindalco Arm Posts 128% Jump In Core Profit Even As Shipments Dip,6.0,gemini,False,False,flag,,-5505.77,0.0,C >=07-29 today's policy,-2228.3688457189737,-2228.3688457189737,193
2026-08-07,SBIN,LONG,09:25,09:42,1081.8,1082.68,461,499032.5,1088.13,1093.8,1.62,"ADX-FILTER,DAILY-BIAS,FIRST-CANDLE,PIN-BAR,VPOC",5,15.0,FIRST-CANDLE,FIRST-CANDLE: break above first candle high=1081.80,11:35,1087.7,PROFIT_LOCK_STOP,WIN,1584.68,0.32,49.9,STANDARD,0.065,18.0,0.041,LOOSE,True,EXIT_CONFIRMED,1.72,NOTIONAL_CAP,NEUTRAL,0.0,0.8,State Bank of India to report Q1 results today - Here's what the street is expecting - CNBC TV18,4.0,gemini,True,True,flag,,4259.499225091714,2674.8192250917136,C >=07-29 today's policy,604.1375612367966,1671.7428577372568,184
2026-08-10,ZYDUSLIFE,LONG,09:20,09:32,1119.7,1117.47,447,499343.7,1102.9045,1147.6925,2.07,"ADX-FILTER,MACD,PDH-PDL,VPOC",4,12.0,MACD,"MACD: histogram flipped positive, MACD=2.264",14:50,1116.1,TIME_EXIT,LOSS,-1340.15,-0.27,48.9,STANDARD,-0.232,12.9,0.231,LOOSE,False,EXIT_CONFIRMED,1.97,NOTIONAL_CAP,NO_NEWS,0.0,0.0,,0.0,none,False,False,flag,,-1340.15,0.0,C >=07-29 today's policy,-562.0643422366211,-562.0643422366211,178
2026-08-11,PRESTIGE,LONG,09:15,09:23,1618.59,1623.09,214,347300.6,1631.7,1677.7699999999998,2.83,"CAMARILLA,CPR,GAP-CONT,PDH-PDL,VPOC",5,15.0,CAMARILLA,CAMARILLA: breakout above H4=1618.59,10:12,1631.1,PROFIT_LOCK_STOP,WIN,1192.01,0.34,49.9,STANDARD,0.266,8.2,,,True,EXIT_CONFIRMED,3.44,ATR_VOL,NO_NEWS,0.0,0.0,,0.0,none,True,True,flag,,2949.890643801258,1757.8806438012582,C >=07-29 today's policy,665.0567193172989,1675.4268653624054,123
2026-08-12,EXIDEIND,LONG,09:15,09:22,493.1575,494.5,647,319941.5,488.57875,511.4724999999999,2.87,"ADX-FILTER,CAMARILLA,DAILY-BIAS,VPOC",4,12.0,CAMARILLA,CAMARILLA: breakout above H4=493.16,11:01,488.55,STOP_HIT,LOSS,-4330.02,-1.35,50.0,STANDARD,0.272,7.8,,,False,EXIT_CONFIRMED,3.75,ATR_VOL,NEUTRAL,0.2,0.4,Exide Industries Shares Rise 2.13% to Rs 495.75 - Moneycontrol.com,1.0,gemini,False,False,flag,,-4330.02,0.0,C >=07-29 today's policy,-2721.478208261996,-2721.478208261996,404
2026-08-13,PATANJALI,LONG,09:25,09:32,349.45125,349.95,1233,431365.05,346.3025,355.74875000000003,1.59,"ADX-FILTER,CAMARILLA,DAILY-BIAS,VPOC",4,12.0,CAMARILLA,"CAMARILLA: reversal at L3=349.45, target H3=355.75",14:50,351.0,TIME_EXIT,WIN,658.13,0.15,50.0,STANDARD,0.114,7.9,0.178,LOOSE,False,EXIT_CONFIRMED,2.78,ATR_VOL,NEUTRAL,-0.2,0.6,Patanjali Foods shares fall 2.24% to Rs 345.10 - Moneycontrol.com,2.0,gemini,False,False,flag,,658.13,0.0,C >=07-29 today's policy,279.4347689105066,279.4347689105066,571
2026-08-14,PAGEIND,LONG,09:15,09:32,37468.75,37455.0,12,449580.0,36994.375,39366.25,4.15,"ADX-FILTER,CAMARILLA,GAP-CONT,MACD,VPOC",5,15.0,CAMARILLA,CAMARILLA: breakout above H4=37468.75,11:42,36945.0,STOP_HIT,LOSS,-6775.16,-1.51,47.8,STANDARD,-0.01,17.9,0.0,LOOSE,False,EXIT_CONFIRMED,2.61,ATR_VOL,CONTRADICTS,-0.6,0.9,Page Industries shares skid 4% after Q1 results; ₹200 dividend declared - Business Standard,5.0,gemini,False,False,flag,,-6775.16,0.0,C >=07-29 today's policy,-2850.51562,-2850.51562,5
2026-08-17,AUROPHARMA,LONG,09:25,09:32,1646.6,1647.98,287,472918.6,1628.3,1683.1999999999998,1.79,"ADX-FILTER,DAILY-BIAS,DBL-BTM,FIRST-CANDLE,VPOC",5,15.0,FIRST-CANDLE,FIRST-CANDLE: break above first candle high=1646.60,11:36,1628.0,STOP_HIT,LOSS,-6421.78,-1.36,49.6,STANDARD,0.073,7.8,0.068,LOOSE,False,EXIT_NOT_FILLED,2.53,ATR_VOL,CONTRADICTS,-0.8,0.9,Aurobindo Pharma Shares Falls Despite Strong Q1 As USFDA Warns Eugia Unit,3.0,gemini,False,False,flag,,-6421.78,0.0,C >=07-29 today's policy,-2734.7395336218024,-2734.7395336218024,121
2026-08-18,ZYDUSLIFE,LONG,09:20,09:43,1137.7,1138.49,363,412912.5,1127.0,1159.1,1.79,"DAILY-BIAS,DBL-BTM,FIRST-CANDLE,MACD,SUPERTREND",5,12.633,FIRST-CANDLE,FIRST-CANDLE: break above first candle high=1137.70,12:05,1127.0,STOP_HIT,LOSS,-4778.23,-1.16,48.0,STANDARD,-0.018,23.3,0.0,LOOSE,False,EXIT_NOT_FILLED,2.9,ATR_VOL,NEUTRAL,0.0,0.8,Zydus Lifesciences schedules investor roadshow in Singapore and Hong Kong - scanx.trade,1.0,gemini,False,False,flag,,-4778.23,0.0,C >=07-29 today's policy,-2328.0000753825016,-2328.0000753825016,175
2026-08-19,DEVYANI,LONG,09:20,09:28,142.69,142.74,1905,271691.1,140.6,146.25725,1.64,"ADX-FILTER,DAILY-BIAS,MACD,VPOC",4,12.0,MACD,"MACD: histogram flipped positive, MACD=0.232",14:50,142.97,TIME_EXIT,WIN,19.86,0.01,47.5,STANDARD,-0.049,8.4,,,False,EXIT_NOT_FILLED,4.42,ATR_VOL,NO_NEWS,0.0,0.0,,0.0,none,False,False,flag,,19.86,0.0,C >=07-29 today's policy,2.1198735958856787,2.1198735958856787,1401
2026-08-20,ETERNAL,LONG,09:20,09:28,323.74,324.59,1475,478711.25,326.21,331.22,2.44,"ADX-FILTER,CAMARILLA,CPR,DAILY-BIAS,DBL-BTM,FIRST-CANDLE,GAP-CONT,PDH-PDL,VPOC",9,27.0,CAMARILLA,CAMARILLA: breakout above H4=323.74,09:40,326.2,PROFIT_LOCK_STOP,WIN,1672.9,0.35,49.7,STANDARD,0.25,8.3,,,True,EXIT_CONFIRMED,2.51,ATR_VOL,NO_NEWS,0.0,0.0,,0.0,none,True,True,flag,,4083.9470937987335,2411.0470937987334,C >=07-29 today's policy,671.1624750456084,1678.0790574779799,616
2026-08-24,ASTRAL,LONG,09:20,09:48,1542.25,1543.64,312,481572.0,1535.375,1569.75,3.16,"CAMARILLA,DAILY-BIAS,EMA-CROSS,FIRST-CANDLE,MACD,SR-BREAK,VPOC",7,18.534,CAMARILLA,CAMARILLA: breakout above H4=1542.25,10:16,1535.2,STOP_HIT,LOSS,-3335.04,-0.69,49.4,STANDARD,0.081,28.3,0.0,LOOSE,False,EXIT_NOT_FILLED,2.48,ATR_VOL,CONTRADICTS,-0.5,0.8,ResMed's Sleep Business Booms as Astral Ventilator Troubles Weigh on Results - Vocal,2.0,gemini,False,False,flag,,-3335.04,0.0,C >=07-29 today's policy,-1406.595242515607,-1406.595242515607,129
2026-08-25,DMART,LONG,09:20,09:28,3949.9,3949.93,126,497687.4,3918.0,4013.7,2.0,"ADX-FILTER,CPR,FIRST-CANDLE,VPOC",4,12.0,FIRST-CANDLE,FIRST-CANDLE: break above first candle high=3949.90,13:16,3918.0,STOP_HIT,LOSS,-4745.76,-0.95,49.6,STANDARD,0.0,8.1,,,False,EXIT_CONFIRMED,2.13,NOTIONAL_CAP,NO_NEWS,0.0,0.0,,0.0,none,False,False,flag,,-4745.76,0.0,C >=07-29 today's policy,-1911.7067130149917,-1911.7067130149917,50
2026-08-26,DIXON,LONG,09:15,09:32,14827.75,14826.88,33,489258.0,14905.1,15152.25,2.02,"CAMARILLA,DAILY-BIAS,DBL-BTM,SR-BREAK,VPOC",5,15.0,CAMARILLA,"CAMARILLA: reversal at L3=14827.75, target H3=15152.25",10:06,14902.0,PROFIT_LOCK_STOP,WIN,1762.69,0.36,49.8,STANDARD,-0.012,17.9,0.175,LOOSE,True,EXIT_CONFIRMED,2.41,ATR_VOL,NO_NEWS,0.0,0.0,,0.0,none,True,True,flag,,4174.69292949881,2412.0029294988103,C >=07-29 today's policy,665.7884061976104,1615.9699419237738,13
2026-08-27,COFORGE,LONG,09:20,09:28,1901.2,1902.8,260,494624.0,1885.3,1933.0,1.73,"DAILY-BIAS,DBL-BTM,FIRST-CANDLE,SR-BREAK,VPOC",5,15.0,FIRST-CANDLE,FIRST-CANDLE: break above first candle high=1901.20,11:45,1885.3,STOP_HIT,LOSS,-5268.12,-1.06,49.9,STANDARD,0.063,8.2,,,False,EXIT_CONFIRMED,2.42,ATR_VOL,NEUTRAL,0.0,0.9,"Coforge AGM approves Sudhir Singh, John Speight reappointment - scanx.trade",4.0,gemini,False,False,flag,,-5268.12,0.0,C >=07-29 today's policy,-2155.648368355,-2155.648368355,105
2026-08-28,CONCOR,LONG,09:15,09:23,506.4975,506.0,918,464232.6,508.99,533.3924999999999,4.4,"ADX-FILTER,CAMARILLA,GAP-CONT,VPOC",4,12.0,CAMARILLA,CAMARILLA: breakout above H4=506.50,09:42,508.35,PROFIT_LOCK_STOP,WIN,1475.07,0.32,49.0,STANDARD,-0.157,8.0,,,True,EXIT_CONFIRMED,2.58,ATR_VOL,NO_NEWS,0.0,0.0,,0.0,none,True,True,flag,,3960.8829463532015,2485.8129463532014,C >=07-29 today's policy,607.8083397925091,1677.410853823001,395
2026-08-31,POLICYBZR,LONG,09:20,09:27,1813.6,1815.57,232,421172.8,1796.4,1847.9999999999995,1.69,"DAILY-BIAS,FIRST-CANDLE,MACD,SUPERTREND,VPOC",5,12.633,FIRST-CANDLE,FIRST-CANDLE: break above first candle high=1813.60,14:50,1820.9,TIME_EXIT,WIN,614.09,0.15,48.7,STANDARD,0.099,8.0,,,False,EXIT_CONFIRMED,2.85,ATR_VOL,NO_NEWS,0.0,0.0,,0.0,none,False,False,flag,,614.09,0.0,C >=07-29 today's policy,266.34353099301705,266.34353099301705,110
2026-09-01,IDFCFIRSTB,LONG,09:20,09:28,84.78,84.85,5894,499929.08,84.27,85.80000000000001,1.64,"ADX-FILTER,CPR,DAILY-BIAS,FIRST-CANDLE",4,12.0,FIRST-CANDLE,FIRST-CANDLE: break above first candle high=84.78,10:32,84.27,STOP_HIT,LOSS,-4144.87,-0.83,49.4,STANDARD,0.047,8.3,,,False,EXIT_CONFIRMED,2.12,NOTIONAL_CAP,SUPPORTS,0.4,0.8,"CAS candle: Bank Nifty closes nearly 1% higher, reclaims 58,000; Federal, IDFC First Bank lead gains",6.0,gemini,False,False,flag,,-4144.87,0.0,C >=07-29 today's policy,-1685.850027686396,-1685.850027686396,2357
2026-09-02,MEESHO,LONG,09:25,09:33,207.97571428571428,208.04,1697,352738.42,205.54,212.84714285714284,1.92,"DAILY-BIAS,DBL-BTM,SR-BREAK,VPOC",4,12.0,VPOC,VPOC: breakout above VAH=207.98,10:30,205.51,STOP_HIT,LOSS,-4818.56,-1.36,49.1,STANDARD,-0.056,8.3,0.293,LOOSE,False,EXIT_CONFIRMED,3.4,ATR_VOL,NO_NEWS,0.0,0.0,,0.0,none,False,False,flag,,-4818.56,0.0,C >=07-29 today's policy,-2749.1887985505014,-2749.1887985505014,961
2026-09-03,RBLBANK,LONG,09:15,09:23,398.695,398.96,1253,499884.35,401.28,417.285,3.73,"ASC-TRI,CAMARILLA,DAILY-BIAS,GAP-CONT,PDH-PDL,VPOC",6,18.0,CAMARILLA,CAMARILLA: breakout above H4=398.69,09:41,399.4,PROFIT_LOCK_STOP,LOSS,-177.89,-0.04,49.9,STANDARD,0.064,8.3,,,True,EXIT_CONFIRMED,2.07,NOTIONAL_CAP,SUPPORTS,0.8,0.9,RBL Bank shares gain after strong FCNR deposit mobilisation; Citi sees further upside - CNBC TV18,5.0,gemini,True,True,flag,,4266.241662281747,4444.131662281748,C >=07-29 today's policy,-99.45349619560113,1677.4881666425817,501
2026-09-04,SOLARINDS,LONG,09:40,09:48,21605.0,21588.5,20,431400.0,21435.0,21945.0,2.32,"BULL-FLAG,DAILY-BIAS,FIRST-CANDLE,MACD,PDH-PDL,SR-BREAK,VPOC",7,21.0,FIRST-CANDLE,FIRST-CANDLE: break above first candle high=21605.00,12:13,21415.0,STOP_HIT,LOSS,-4103.14,-0.95,49.6,STANDARD,-0.162,8.6,0.0,LOOSE,False,EXIT_CONFIRMED,2.75,ATR_VOL,NO_NEWS,0.0,0.0,,0.0,none,False,False,flag,,-4103.14,0.0,C >=07-29 today's policy,-1872.371478865,-1872.371478865,9
2026-09-07,MEESHO,LONG,09:25,09:38,209.5,209.76,1517,318205.92,207.66,217.0,3.45,"CAMARILLA,DAILY-BIAS,FIRST-CANDLE,MACD",4,12.0,FIRST-CANDLE,FIRST-CANDLE: break above first candle high=209.50,14:50,209.63,TIME_EXIT,LOSS,-678.1,-0.21,49.5,STANDARD,0.124,13.6,0.0,LOOSE,False,EXIT_NOT_FILLED,3.77,ATR_VOL,NO_NEWS,0.0,0.0,,0.0,none,False,False,flag,,-678.1,0.0,C >=07-29 today's policy,-443.54131822569565,-443.54131822569565,953
2026-09-08,SOLARINDS,LONG,09:25,09:33,22170.0,22205.0,19,421800.0,22327.8,22660.0,2.05,"ADX-FILTER,DAILY-BIAS,FIRST-CANDLE,GAP-CONT,PDH-PDL,VPOC",6,18.0,FIRST-CANDLE,FIRST-CANDLE: break above first candle high=22170.00,09:58,22310.0,PROFIT_LOCK_STOP,WIN,1371.0,0.32,50.0,STANDARD,0.135,8.3,0.029,LOOSE,True,EXIT_CONFIRMED,2.76,ATR_VOL,NO_NEWS,0.0,0.0,,0.0,none,True,True,flag,,3593.1897341954864,2222.1897341954864,C >=07-29 today's policy,624.57916415,1677.1951372504934,9
2026-09-09,OIL,LONG,09:20,09:28,500.85,499.5,832,415625.6,494.5,513.37125,2.77,"ADX-FILTER,DAILY-BIAS,DBL-BTM,MACD,PDH-PDL,SR-BREAK,VPOC",7,21.0,MACD,"MACD: histogram flipped positive, MACD=0.845",14:50,499.3,TIME_EXIT,LOSS,-780.08,-0.19,48.8,STANDARD,-0.26,8.2,,,False,EXIT_CONFIRMED,2.89,ATR_VOL,SUPPORTS,0.5,0.8,Indian shares eye muted start as oil climbs on intensifying Mideast tensions,8.0,gemini,False,False,flag,,-780.08,0.0,C >=07-29 today's policy,-399.54797919999544,-399.54797919999544,400
2026-09-10,ANGELONE,LONG,09:30,09:43,300.75,300.21,1195,358619.5,297.21,308.26874999999995,2.69,"ADX-FILTER,DAILY-BIAS,ORB-15,SR-BREAK,STOCHASTIC",5,15.0,STOCHASTIC,STOCHASTIC: %K=24 crossed above %D from oversold,14:50,299.2,TIME_EXIT,LOSS,-1742.32,-0.49,48.2,STANDARD,-0.216,13.7,0.0,LOOSE,False,EXIT_CONFIRMED,3.34,ATR_VOL,NO_NEWS,0.0,0.0,,0.0,none,False,False,flag,,-1742.32,0.0,C >=07-29 today's policy,-991.929452272594,-991.929452272594,666
2026-09-11,ATHERENERG,LONG,09:25,09:38,1654.1,1651.94,184,303931.2,1663.34,1714.1,3.76,"CAMARILLA,CPR,DAILY-BIAS,FIRST-CANDLE,MACD,PIN-BAR",6,18.0,FIRST-CANDLE,FIRST-CANDLE: break above first candle high=1654.10,09:53,1663.0,PROFIT_LOCK_STOP,WIN,1571.81,0.52,49.0,STANDARD,-0.139,13.7,0.184,LOOSE,True,EXIT_CONFIRMED,3.93,ATR_VOL,SUPPORTS,0.8,0.9,Ather Energy share price target raised by Nomura on faster EV adoption; Stock extends record run - CNBC TV18 - LinkedIn,8.0,gemini,True,True,flag,,2575.5421439487664,1003.7321439487664,C >=07-29 today's policy,1017.4736339645934,1677.5380403141344,121
2026-09-15,GODREJCP,LONG,09:25,09:33,872.55,872.45,573,499885.2,863.9,889.8499999999999,2.04,"EMA-CROSS,FIRST-CANDLE,MACD,PDH-PDL,SR-BREAK,VPOC",6,15.534,FIRST-CANDLE,FIRST-CANDLE: break above first candle high=872.55,14:37,863.65,STOP_HIT,LOSS,-5767.2,-1.15,49.7,STANDARD,-0.017,8.2,0.203,LOOSE,False,EXIT_NOT_FILLED,2.18,NOTIONAL_CAP,NO_NEWS,0.0,0.0,,0.0,none,False,False,flag,,-5767.2,0.0,C >=07-29 today's policy,-2333.2036593990156,-2333.2036593990156,229
2026-09-16,GODREJCP,LONG,09:20,09:27,867.9175,868.9,575,499646.25,862.45875,889.7525,3.24,"ADX-FILTER,CAMARILLA,MACD,SR-BREAK",4,12.0,CAMARILLA,CAMARILLA: breakout above H4=867.92,09:43,862.45,STOP_HIT,LOSS,-4434.2,-0.89,48.3,STANDARD,0.119,8.0,,,False,EXIT_NOT_FILLED,2.27,NOTIONAL_CAP,CONTRADICTS,-0.6,0.8,Godrej Consumer Products Ltd is Rated Sell - MarketsMojo,1.0,gemini,False,False,flag,,-4434.2,0.0,C >=07-29 today's policy,-1802.0008949549842,-1802.0008949549842,230
2026-09-17,LAURUSLABS,LONG,09:20,09:27,1927.4,1933.06,201,388512.9,1954.08,1987.8,2.83,"ADX-FILTER,CPR,DAILY-BIAS,FIRST-CANDLE,VPOC",5,15.0,FIRST-CANDLE,FIRST-CANDLE: break above first candle high=1927.40,13:31,1953.5,PROFIT_LOCK_STOP,WIN,3528.24,0.91,49.5,STANDARD,0.285,7.8,,,True,EXIT_CONFIRMED,3.08,ATR_VOL,NEUTRAL,0.0,0.8,Laurus Labs Schedules Analyst and Investor Meeting - Sahi,3.0,gemini,True,True,flag,,3305.4243442002753,-222.81565579972448,C >=07-29 today's policy,1784.9892125872057,1670.8114798638223,103
2026-09-18,HBLENGINE,LONG,09:35,10:03,759.8,761.0,452,343813.8,753.39,775.3999999999999,1.89,"ADX-FILTER,DAILY-BIAS,FIRST-CANDLE,MACD,PDH-PDL,SR-BREAK",6,18.0,FIRST-CANDLE,FIRST-CANDLE: break above first candle high=759.80,10:24,753.2,STOP_HIT,LOSS,-4038.99,-1.17,49.5,STANDARD,0.112,28.4,0.521,TIGHT,False,EXIT_CONFIRMED,3.49,ATR_VOL,SUPPORTS,0.5,0.6,HBL Engineering Ltd Surges on High-Value Trading Amid Sector Outperformance - MarketsMojo,1.0,gemini,False,False,flag,,-4038.99,0.0,C >=07-29 today's policy,-2361.023467883988,-2361.023467883988,262
