#,date,symbol,entry,qty,orig,ACTUAL,0.9%T,0.7%T,0.5%T,path
1,06-15,GROWW,200.1,2498,TGT,12333,3766,2767,1769,T/T/T
2,06-15,STARHEALTH,524.4,953,TIME,2847,3766,2767,1768,T/T/T
3,06-16,DIXON,12206.0,26,TIME,-480,-3651,-3651,-3651,S/S/S
4,06-17,CARTRADE,2606.0,191,TGT,21317,3750,2756,1761,T/T/T
5,06-18,MFSL,1657.0,301,TGT,4936,3758,2761,1765,T/T/T
6,06-19,CRAFTSMAN,9790.0,51,TGT,-371,3762,2764,1767,T/T/T
7,06-23,KIRLOSENG,2557.6,195,STOP,-10898,3758,2761,1765,T/T/T
8,06-29,CIPLA,1455.3,343,STOP,-2332,3761,2764,1766,T/T/T
9,06-29,AEGISLOG,1169.4,427,TIME,-664,3762,2765,1767,T/T/T
10,06-30,KIMS,823.8,606,STOP,-4282,3762,2764,1766,T/T/T
11,07-01,BIOCON,424.85,1176,STOP,-3925,-5721,2766,1768,S/T/T
12,07-02,INDIGO,5441.5,91,STOP,-2760,-2723,-2723,-2723,Q/Q/Q
13,07-03,MRF,134230.0,3,TIME,-1226,3025,2220,1416,T/T/T
14,07-06,GODREJPROP,2007.1,249,TGT,8029,3766,2767,1768,T/T/T
15,07-07,ALKEM,5725.5,87,STOP,-3105,-5704,-5704,-5704,S/S/S
16,07-08,CARTRADE,2865.7,174,STOP,-4667,-5709,2761,1764,S/T/T
17,07-09,LENSKART,545.75,916,TGT,13412,3767,2768,1769,T/T/T
18,07-10,WELSPUNLIV,168.26,2971,STOP,-4707,-5724,-5724,-5724,S/S/S
19,07-13,APOLLOHOSP,8869.0,56,STOP,-2456,-5687,-5687,-5687,S/S/S
20,07-14,LICI,441.6,1132,STOP,-2256,-5724,-5724,-5724,S/S/S
21,07-15,MRPL,159.18,3141,PLOCK,2898,3768,2768,1769,T/T/T
22,07-16,PREMIERENE,1104.0,452,STOP,-4341,-2624,-2624,1766,Q/Q/T
23,07-17,ICICIBANK,1428.0,350,PLOCK,2062,3766,2767,1768,T/T/T
24,07-20,ARE&M,911.35,467,PLOCK,2121,3200,2349,1499,T/T/T
25,07-21,INDUSINDBK,1044.01,471,TGT,8124,3704,2722,1739,T/T/T
26,07-22,FEDERALBNK,355.25,1407,STOP,-3091,-5723,-5723,1769,S/S/T
27,07-23,OIL,454.45,1100,PLOCK,3008,3767,2768,1769,T/T/T
28,07-24,TCS,2251.2,206,STOP,-4405,-5313,-5313,-5313,S/S/S
29,07-27,APLAPOLLO,1836.4,272,TGT,4408,3764,2766,1767,T/T/T
30,07-28,ITC,287.5,1739,STOP,-5855,-5725,-5725,-5725,S/S/S
31,07-29,DIVISLAB,7510.5,66,TGT,7524,3735,2744,1753,T/T/T
32,07-30,NESTLEIND,1521.1,328,TIME,-564,-990,2762,1765,Q/T/T
33,07-31,HINDALCO,979.0,510,STOP,-3913,3762,2764,1767,T/T/T
34,08-03,JSWSTEEL,1285.65,389,STOP,-5141,-5726,-5726,-5726,S/S/S
35,08-04,FEDERALBNK,360.31,1388,TIME,-3860,-3374,-3374,-3374,Q/Q/Q
36,08-05,SBIN,1046.0,478,TIME,2089,2280,2768,1769,Q/T/T
37,08-06,HINDALCO,1033.6,483,STOP,-5506,-5716,-5716,-5716,S/S/S
38,08-07,SBIN,1082.68,461,PLOCK,1585,3761,2763,1766,T/T/T
39,08-10,ZYDUSLIFE,1117.47,447,TIME,-1340,-1519,-1519,1767,Q/Q/T
40,08-11,PRESTIGE,1623.09,214,PLOCK,1192,2603,1909,1215,T/T/T
41,08-12,EXIDEIND,494.5,647,STOP,-4330,-3680,-3680,-3680,S/S/S
42,08-13,PATANJALI,349.95,1233,TIME,658,658,658,658,Q/Q/Q
43,08-14,PAGEIND,37455.0,12,STOP,-6775,3382,2484,1586,T/T/T
44,08-17,AUROPHARMA,1647.98,287,STOP,-6422,-5418,-5418,-5418,S/S/S
45,08-18,ZYDUSLIFE,1138.49,363,STOP,-4778,-4740,-4740,-4740,S/S/S
46,08-19,DEVYANI,142.74,1905,TIME,20,-475,-475,941,Q/Q/T
47,08-20,ETERNAL,324.59,1475,PLOCK,1673,3606,2649,1692,T/T/T
48,08-24,ASTRAL,1543.64,312,STOP,-3335,-5516,-5516,-5516,S/S/S
49,08-25,DMART,3949.93,126,STOP,-4746,-5699,-5699,-5699,S/S/S
50,08-26,DIXON,14826.88,33,PLOCK,1763,3686,2708,1730,T/T/T
51,08-27,COFORGE,1902.8,260,STOP,-5268,-5665,-5665,-5665,S/S/S
52,08-28,CONCOR,506.0,918,PLOCK,1475,3497,2568,1640,T/T/T
53,08-31,POLICYBZR,1815.57,232,TIME,614,614,2325,1483,Q/T/T
54,09-01,IDFCFIRSTB,84.85,5894,STOP,-4145,-3026,-3026,-3026,Q/Q/Q
55,09-02,MEESHO,208.04,1697,STOP,-4819,-4056,-4056,-4056,S/S/S
56,09-03,RBLBANK,398.96,1253,PLOCK,-178,3767,2768,1769,T/T/T
57,09-04,SOLARINDS,21588.5,20,STOP,-4103,-4950,-4950,-4950,S/S/S
58,09-07,MEESHO,209.76,1517,TIME,-678,-572,-572,1109,Q/Q/T
59,09-08,SOLARINDS,22205.0,19,PLOCK,1371,3172,2329,1485,T/T/T
60,09-09,OIL,499.5,832,TIME,-780,3123,2293,1462,T/T/T
61,09-10,ANGELONE,300.21,1195,TIME,-1742,-1742,-1742,-1742,Q/Q/Q
62,09-11,ATHERENERG,1651.94,184,PLOCK,1572,2272,1664,1057,T/T/T
63,09-15,GODREJCP,872.45,573,STOP,-5767,-5724,-5724,-5724,S/S/S
64,09-16,GODREJCP,868.9,575,STOP,-4434,3765,2766,1768,T/T/T
65,09-17,LAURUSLABS,1933.06,201,PLOCK,3528,2917,2141,1364,T/T/T
66,09-18,HBLENGINE,761.0,452,STOP,-4039,-3953,-3953,-3953,S/S/S
